"","tag","age","2003","2004","2005","2006","2007","2008","2009","2010","2011","2012","2013","2014","2015","2016","2017","2018","2019"
"1","00H","hy",0,0,0,0,0,0,0,0,0,0,0,1,0,0,0,1,0
"2","01A","hy",0,0,0,0,0,0,0,0,0,0,0,0,1,0,1,0,0
"3","08H","hy",0,0,0,0,0,0,0,0,0,0,0,1,0,0,1,0,0
"4","09A","hy",0,0,0,0,0,0,0,0,0,0,0,0,1,0,1,0,0
"5","11X","hy",0,0,0,0,0,0,0,0,0,0,0,1,0,1,0,0,0
"6","12H","hy",0,0,0,0,0,0,0,0,0,0,0,1,0,0,0,1,0
"7","13A","hy",0,0,0,0,0,0,0,0,0,0,0,0,1,1,0,0,0
"8","14A","hy",0,0,0,0,0,0,0,0,0,0,0,0,1,1,0,0,0
"9","14X","hy",0,0,0,0,0,0,0,0,0,0,0,1,1,0,0,1,0
"10","15H","hy",0,0,0,0,0,0,0,0,0,0,0,1,1,0,0,0,0
"11","16A","hy",0,0,0,0,0,0,0,0,0,0,0,0,1,0,1,0,0
"12","17X","hy",0,0,0,0,0,0,0,0,0,0,0,0,1,0,0,1,0
"13","18H","hy",0,0,0,0,0,0,0,0,0,0,0,1,1,0,0,0,0
"14","20H","hy",0,0,0,0,0,0,0,0,0,0,0,1,0,1,0,0,0
"15","21A","hy",0,0,0,0,0,0,0,0,0,0,0,0,1,1,0,0,0
"16","21X","hy",0,0,0,0,0,0,0,0,0,0,0,0,1,0,1,0,0
"17","22H","hy",0,0,0,0,0,0,0,0,0,0,0,1,1,0,0,0,0
"18","23A","hy",0,0,0,0,0,0,0,0,0,0,0,0,0,1,0,1,0
"19","25A","hy",0,0,0,0,0,0,0,0,0,0,0,0,0,1,0,1,0
"20","25H","hy",0,0,0,0,0,0,0,0,0,0,0,1,0,1,0,0,0
"21","26H","hy",0,0,0,0,0,0,0,0,0,0,0,1,0,0,0,0,0
"22","29H","hy",0,0,0,0,0,0,0,0,0,0,0,1,0,0,1,0,0
"23","31X","hy",0,0,0,0,0,0,0,0,0,0,0,0,1,0,1,0,0
"24","33A","hy",0,0,0,0,0,0,0,0,0,0,0,0,1,0,1,0,0
"25","34A","hy",0,0,0,0,0,0,0,0,0,0,0,0,1,0,1,1,0
"26","35A","hy",0,0,0,0,0,0,0,0,0,0,0,0,1,0,0,1,0
"27","36A","hy",0,0,0,0,0,0,0,0,0,0,0,0,1,0,1,0,0
"28","38H","hy",0,0,0,0,0,0,0,0,0,0,0,1,0,0,0,1,0
"29","42H","hy",0,0,0,0,0,0,0,0,0,0,0,1,0,1,0,0,0
"30","44A","hy",0,0,0,0,0,0,0,0,0,0,0,0,1,0,0,0,1
"31","45A","hy",0,0,0,0,0,0,0,0,0,0,0,0,1,0,1,0,0
"32","45H","hy",0,0,0,0,0,0,0,0,0,0,0,1,0,0,0,1,0
"33","46A","hy",0,0,0,0,0,0,0,0,0,0,0,0,1,1,0,0,0
"34","47A","hy",0,0,0,0,0,0,0,0,0,0,0,0,1,0,0,1,0
"35","48A","hy",0,0,0,0,0,0,0,0,0,0,0,0,1,0,1,0,0
"36","48X","hy",0,0,0,0,0,0,0,0,0,0,0,0,1,0,0,0,0
"37","49A","hy",0,0,0,0,0,0,0,0,0,0,0,0,1,0,0,0,1
"38","52A","hy",0,0,0,0,0,0,0,0,0,0,0,0,1,0,1,0,1
"39","56A","hy",0,0,0,0,0,0,0,0,0,0,0,0,0,1,0,1,0
"40","56H","hy",0,0,0,0,0,0,0,0,0,0,0,1,0,0,0,0,0
"41","57A","hy",0,0,0,0,0,0,0,0,0,0,0,0,0,1,0,0,1
"42","58H","hy",0,0,0,0,0,0,0,0,0,0,0,1,1,0,1,0,1
"43","59A","hy",0,0,0,0,0,0,0,0,0,0,0,0,0,1,0,0,1
"44","63H","hy",0,0,0,0,0,0,0,0,0,0,0,0,1,0,0,1,0
"45","65H","hy",0,0,0,0,0,0,0,0,0,0,0,0,1,0,1,0,0
"46","69A","hy",0,0,0,0,0,0,0,0,0,0,0,0,0,1,0,1,0
"47","71A","hy",0,0,0,0,0,0,0,0,0,0,0,0,0,1,0,0,1
"48","76H","hy",0,0,0,0,0,0,0,0,0,0,0,0,1,1,0,0,0
"49","78A","hy",0,0,0,0,0,0,0,0,0,0,0,0,0,1,0,1,0
"50","80A","hy",0,0,0,0,0,0,0,0,0,0,0,0,0,1,0,0,0
"51","83A","hy",0,0,0,0,0,0,0,0,0,0,0,0,0,1,0,0,1
"52","86H","hy",0,0,0,0,0,0,0,0,0,0,0,0,1,0,0,1,0
"53","89H","hy",0,0,0,0,0,0,0,0,0,0,0,0,1,0,1,0,0
"54","90A","hy",0,0,0,0,0,0,0,0,0,0,0,0,0,1,1,0,0
"55","92H","hy",0,0,0,0,0,0,0,0,0,0,0,0,1,1,0,0,0
"56","93H","hy",0,0,0,0,0,0,0,0,0,0,0,0,1,1,1,0,0
"57","94A","hy",0,0,0,0,0,0,0,0,0,0,0,0,0,1,0,0,0
"58","95A","hy",0,0,0,0,0,0,0,0,0,0,0,0,0,1,0,0,0
"59","97A","hy",0,0,0,0,0,0,0,0,0,0,0,0,0,1,0,0,1
"60","99A","hy",0,0,0,0,0,0,0,0,0,0,0,0,0,1,0,1,0
"61","A11","hy",0,0,0,0,1,1,0,0,0,0,0,0,0,0,0,0,0
"62","A2","hy",0,0,0,0,0,0,1,0,0,0,0,0,0,0,0,0,0
"63","A20","hy",0,0,0,0,1,0,1,0,0,0,0,0,0,0,0,0,0
"64","A22","hy",0,0,0,0,1,0,0,1,0,0,0,0,0,0,0,0,0
"65","A24","hy",0,0,0,0,1,0,0,0,1,0,0,0,0,0,0,0,0
"66","A26","hy",0,0,0,0,1,0,0,0,0,0,1,0,0,0,0,0,0
"67","A30","hy",0,0,0,0,1,0,1,0,1,0,0,0,0,0,0,0,0
"68","A33","hy",0,0,0,0,1,0,0,0,0,0,0,0,0,0,0,0,0
"69","A41","hy",0,0,0,0,1,0,0,0,0,0,0,0,0,0,0,0,0
"70","A42","hy",0,0,0,0,1,0,0,0,0,0,0,0,0,0,0,0,0
"71","A43","hy",0,0,0,0,1,0,0,0,1,1,1,0,0,0,0,0,0
"72","A44","hy",0,0,0,0,1,0,0,0,0,0,0,0,0,0,0,0,0
"73","A45","hy",0,0,0,0,1,0,1,0,0,0,0,0,0,0,0,0,0
"74","A49","hy",0,0,0,0,1,0,0,0,0,0,0,0,0,0,0,0,0
"75","A5","hy",0,0,0,0,0,0,1,0,0,0,1,0,0,0,0,0,0
"76","A50","hy",0,0,0,0,1,0,0,0,1,0,0,0,0,0,0,0,0
"77","A56","hy",0,0,0,0,1,0,0,0,0,0,0,0,1,0,0,0,0
"78","A59","hy",0,0,0,0,1,0,1,0,0,0,0,0,0,0,0,0,0
"79","A62","hy",0,0,0,0,1,0,1,0,0,0,0,0,0,0,0,0,0
"80","A67","hy",0,0,0,0,1,0,0,0,0,0,0,0,1,0,0,0,0
"81","A75","hy",0,0,0,0,1,0,0,0,0,0,0,0,0,1,0,0,0
"82","A8","hy",0,0,0,0,0,0,1,1,0,0,0,0,0,0,0,0,0
"83","A86","hy",0,0,0,0,0,0,1,0,1,1,1,1,0,0,1,0,0
"84","A88","hy",0,0,0,0,0,0,1,0,0,1,0,0,1,0,0,0,0
"85","A91","hy",0,0,0,0,0,0,1,0,1,0,0,0,0,0,0,0,0
"86","A92","hy",0,0,0,0,0,0,1,0,1,0,0,0,0,0,0,0,0
"87","A97","hy",0,0,0,0,0,0,1,1,0,0,0,0,0,0,0,0,0
"88","AAH","hy",0,0,0,0,0,1,0,1,0,0,0,0,0,0,0,0,0
"89","AAJ","hy",0,0,0,0,0,1,0,0,1,0,0,0,0,0,0,0,0
"90","AAN","hy",0,0,0,0,0,1,1,0,1,0,0,0,0,0,0,0,0
"91","AAX","hy",0,0,0,0,0,1,0,1,0,0,0,0,0,0,0,0,0
"92","ABT","hy",0,0,0,0,0,0,1,1,0,0,1,0,0,0,0,0,0
"93","ACA","hy",0,0,0,0,0,0,1,0,0,1,0,0,0,0,0,0,0
"94","ACK","hy",0,0,0,0,0,0,1,0,1,0,1,0,0,0,0,0,0
"95","ACL","hy",0,0,0,0,0,0,1,0,0,1,0,0,0,0,0,0,0
"96","ACV","hy",0,0,0,0,0,0,1,1,0,0,0,0,0,0,0,0,0
"97","ACX","hy",0,0,0,0,0,0,0,1,0,0,1,0,0,0,0,0,0
"98","AHH","hy",0,0,0,0,0,0,0,1,0,0,0,1,0,0,0,0,0
"99","AIB","hy",0,0,0,0,0,0,0,0,1,0,1,0,0,0,0,0,0
"100","AIV","hy",0,0,0,0,0,0,0,0,1,0,1,0,0,0,0,0,0
"101","ALI","hy",0,0,0,0,0,0,0,0,1,0,0,1,0,0,0,0,0
"102","AMC","hy",0,0,0,0,0,0,0,0,0,1,1,0,0,0,0,0,0
"103","AMR","hy",0,0,0,0,0,0,0,0,0,1,1,0,0,0,0,0,0
"104","ANJ","hy",0,0,0,0,0,0,0,0,0,1,0,0,0,0,0,0,0
"105","ANL","hy",0,0,0,0,0,0,0,0,0,1,1,0,0,0,0,0,0
"106","AOB","hy",0,0,0,0,0,0,0,0,0,0,1,1,0,0,0,0,0
"107","AOT","hy",0,0,0,0,0,0,0,0,0,0,1,0,0,0,0,0,0
"108","APS","hy",0,0,0,0,0,0,0,0,0,0,1,0,0,0,1,0,0
"109","ARH","hy",0,0,0,0,0,0,0,0,0,0,0,1,0,0,1,0,0
"110","ASE","hy",0,0,0,0,0,0,0,0,0,0,0,1,1,0,0,0,0
"111","B1","hy",0,0,0,0,0,1,0,1,0,0,0,0,0,1,0,0,0
"112","B14","hy",0,0,0,0,0,1,0,0,1,0,0,0,0,0,0,0,0
"113","B21","hy",0,0,0,0,0,1,1,0,0,0,0,0,0,0,0,0,0
"114","B25","hy",0,0,0,0,0,1,0,0,0,0,0,1,0,0,0,0,0
"115","B27","hy",0,0,0,0,0,1,0,0,0,0,0,0,0,0,1,0,0
"116","B29","hy",0,0,0,0,0,1,0,1,0,0,0,1,0,1,1,1,0
"117","B30","hy",0,0,0,0,0,1,0,0,0,0,0,0,0,0,1,0,0
"118","B31","hy",0,0,0,0,0,1,0,0,0,0,1,0,0,0,0,0,0
"119","B32","hy",0,0,0,0,0,1,0,0,1,0,0,0,0,0,0,0,0
"120","B33","hy",0,0,0,0,0,1,1,0,0,0,0,0,0,0,0,0,0
"121","B34","hy",0,0,0,0,0,1,0,0,0,0,0,0,0,1,1,1,1
"122","B36","hy",0,0,0,0,0,1,0,0,0,0,0,0,0,0,0,1,0
"123","B42","hy",0,0,0,0,0,1,1,0,0,0,0,0,0,0,0,0,0
"124","B44","hy",0,0,0,0,0,1,0,0,0,1,0,0,0,0,0,0,0
"125","B56","hy",0,0,0,0,0,1,0,0,1,0,0,1,0,1,0,0,1
"126","B59","hy",0,0,0,0,0,1,0,0,1,1,0,0,0,1,1,0,0
"127","B60","hy",0,0,0,0,0,1,0,0,0,1,0,0,0,0,0,1,0
"128","B62","hy",0,0,0,0,0,1,0,1,0,0,0,0,0,0,0,0,0
"129","B65","hy",0,0,0,0,0,1,0,0,0,0,0,0,0,1,0,0,0
"130","B71","hy",0,0,0,0,0,1,0,0,1,0,0,0,0,0,0,0,0
"131","B73","hy",0,0,0,0,0,1,0,1,0,0,1,0,0,0,0,0,0
"132","B79","hy",0,0,0,0,0,1,1,0,0,0,0,0,0,0,0,0,0
"133","B82","hy",0,0,0,0,0,1,0,0,0,1,0,0,0,0,0,0,0
"134","B85","hy",0,0,0,0,0,1,0,0,0,0,1,0,0,0,0,0,0
"135","B87","hy",0,0,0,0,0,1,1,0,1,0,0,0,0,0,0,0,0
"136","B88","hy",0,0,0,0,0,1,0,1,0,0,0,0,0,0,0,0,0
"137","B90","hy",0,0,0,0,0,1,0,0,0,0,0,0,1,1,0,0,0
"138","B92","hy",0,0,0,0,0,1,0,0,0,1,0,0,0,0,0,0,0
"139","B95","hy",0,0,0,0,0,1,0,0,0,1,0,0,0,0,0,0,0
"140","C19","hy",0,0,0,0,0,0,0,0,1,1,0,0,1,0,0,0,0
"141","C2","hy",0,0,0,0,0,0,0,1,0,1,0,0,0,0,0,0,0
"142","C23","hy",0,0,0,0,0,0,0,0,1,1,1,0,1,1,0,0,0
"143","C27","hy",0,0,0,0,0,0,0,0,1,0,0,1,0,0,0,0,0
"144","C33","hy",0,0,0,0,0,0,0,0,1,0,0,0,0,0,0,1,0
"145","C37","hy",0,0,0,0,0,0,0,0,0,1,0,1,0,0,0,0,0
"146","C38","hy",0,0,0,0,0,0,0,0,0,1,0,1,0,1,0,0,0
"147","C4","hy",0,0,0,0,0,0,0,1,0,1,0,0,1,0,0,0,0
"148","C40","hy",0,0,0,0,0,0,0,1,0,1,0,0,0,0,0,0,0
"149","C41","hy",0,0,0,0,0,0,0,1,0,0,1,0,1,0,0,1,0
"150","C43","hy",0,0,0,0,0,0,0,1,0,1,0,1,0,0,0,0,0
"151","C56","hy",0,0,0,0,0,0,0,1,0,1,0,0,0,0,1,0,0
"152","C57","hy",0,0,0,0,0,0,0,1,0,0,0,0,0,0,1,0,0
"153","C59","hy",0,0,0,0,0,0,0,1,0,0,0,0,1,0,0,0,0
"154","C70","hy",0,0,0,0,0,0,0,0,1,0,0,1,0,1,0,0,0
"155","C80","hy",0,0,0,0,0,0,0,0,1,0,1,0,0,0,0,0,0
"156","C9","hy",0,0,0,0,0,0,0,1,0,0,1,0,0,0,0,0,0
"157","C90","hy",0,0,0,0,0,0,0,0,1,0,0,1,0,0,0,0,0
"158","C98","hy",0,0,0,0,0,0,0,0,1,0,0,0,0,1,1,0,0
"159","C99","hy",0,0,0,0,0,0,0,0,0,1,1,0,0,0,0,0,0
"160","E12","hy",0,0,0,0,0,0,0,1,0,0,0,1,1,0,0,0,0
"161","E14","hy",0,0,0,0,0,0,0,1,0,0,0,0,0,1,0,0,0
"162","E15","hy",0,0,0,0,0,0,0,1,0,0,0,0,0,0,0,0,1
"163","E19","hy",0,0,0,0,0,0,0,1,0,0,1,0,0,0,0,0,0
"164","E2","hy",0,0,0,0,0,0,0,1,0,0,0,1,0,0,0,0,0
"165","E23","hy",0,0,0,0,0,0,0,1,0,0,0,0,1,0,0,0,0
"166","E24","hy",0,0,0,0,0,0,0,1,1,0,0,0,0,0,0,0,0
"167","E25","hy",0,0,0,0,0,0,0,0,1,0,0,1,0,0,1,0,0
"168","E26","hy",0,0,0,0,0,0,0,0,1,0,1,0,0,0,0,0,0
"169","E27","hy",0,0,0,0,0,0,0,0,1,0,0,1,0,0,1,0,0
"170","E31","hy",0,0,0,0,0,0,0,0,1,0,0,1,0,0,0,0,0
"171","E32","hy",0,0,0,0,0,0,0,0,1,0,0,0,1,0,0,0,0
"172","E33","hy",0,0,0,0,0,0,0,0,1,0,0,0,0,0,0,1,0
"173","E36","hy",0,0,0,0,0,0,0,0,1,0,1,0,0,0,0,0,0
"174","E37","hy",0,0,0,0,0,0,0,0,1,1,0,0,1,0,0,0,0
"175","E45","hy",0,0,0,0,0,0,0,0,1,0,0,1,0,0,0,0,0
"176","E5","hy",0,0,0,0,0,0,0,1,0,0,0,1,0,0,0,0,0
"177","E51","hy",0,0,0,0,0,0,0,0,1,0,0,1,0,0,1,0,0
"178","E55","hy",0,0,0,0,0,0,0,0,1,0,1,0,0,0,0,0,0
"179","E56","hy",0,0,0,0,0,0,0,0,1,1,0,1,0,0,0,0,0
"180","E58","hy",0,0,0,0,0,0,0,0,1,1,0,0,0,0,0,0,0
"181","E65","hy",0,0,0,0,0,0,0,0,0,1,0,0,0,0,1,0,0
"182","E68","hy",0,0,0,0,0,0,0,0,0,1,0,1,0,0,0,0,0
"183","E70","hy",0,0,0,0,0,0,0,0,0,1,0,0,1,0,0,0,0
"184","E72","hy",0,0,0,0,0,0,0,0,0,1,0,0,0,0,1,0,0
"185","E74","hy",0,0,0,0,0,0,0,0,0,1,0,0,1,0,0,0,0
"186","E79","hy",0,0,0,0,0,0,0,0,0,1,0,0,1,0,0,0,0
"187","E81","hy",0,0,0,0,0,0,0,0,0,1,0,0,1,0,0,1,0
"188","E83","hy",0,0,0,0,0,0,0,0,0,1,1,0,0,0,0,0,0
"189","E86","hy",0,0,0,0,0,0,0,0,0,1,1,0,1,0,0,0,0
"190","E88","hy",0,0,0,0,0,0,0,0,0,1,0,0,1,0,0,0,0
"191","H11","hy",1,0,0,0,0,0,0,0,0,0,0,0,0,0,0,0,0
"192","H12","hy",1,0,0,0,1,1,0,1,1,0,0,0,0,0,0,0,0
"193","H13","hy",1,0,0,0,0,1,0,0,0,0,0,1,0,0,0,0,0
"194","H15","hy",1,1,1,1,0,0,0,0,0,0,0,0,0,0,0,0,0
"195","H17","hy",1,0,0,0,0,0,1,1,1,1,1,0,0,0,0,0,0
"196","H19","hy",1,0,1,0,0,0,0,0,0,0,0,0,0,0,0,0,0
"197","H26","hy",0,1,0,0,0,1,0,0,0,0,0,0,0,0,0,0,0
"198","H29","hy",0,1,0,0,0,1,0,0,0,0,0,0,0,0,0,0,0
"199","H31","hy",0,1,0,0,0,0,1,0,0,0,0,0,0,0,0,0,0
"200","H36","hy",0,1,1,0,0,1,0,0,1,1,1,0,0,0,0,0,0
"201","H45","hy",0,1,0,1,0,0,0,0,0,0,0,0,0,0,0,0,0
"202","H50","hy",0,1,1,0,1,1,0,0,0,0,0,0,0,0,0,0,0
"203","H53","hy",0,1,0,1,0,0,0,0,0,0,0,0,0,0,0,0,0
"204","H56","hy",0,0,1,0,0,0,0,1,0,0,0,0,0,0,0,0,0
"205","H58","hy",0,0,1,0,0,1,0,0,0,0,0,0,0,0,0,0,0
"206","H59","hy",0,0,1,0,0,0,0,0,0,0,0,1,0,0,0,0,0
"207","H60","hy",0,0,1,0,0,1,1,0,0,0,0,0,0,0,0,0,0
"208","H62","hy",0,0,1,0,0,0,0,1,0,0,0,0,0,0,0,0,0
"209","H64","hy",0,0,1,1,0,0,0,0,0,0,0,0,0,0,0,0,0
"210","H66","hy",0,0,1,0,0,0,1,0,0,0,0,0,0,0,0,0,0
"211","H69","hy",0,0,1,0,0,0,0,0,0,1,0,0,0,0,0,0,0
"212","H74","hy",0,0,1,0,1,0,0,0,0,0,0,0,0,0,0,0,0
"213","H75","hy",0,0,1,1,0,0,0,0,0,0,0,0,0,0,0,0,0
"214","H76","hy",0,0,1,1,0,0,0,0,0,0,0,0,0,0,0,0,0
"215","H8","ahy",0,0,0,1,1,0,0,0,0,0,0,0,0,0,0,0,0
"216","H82","hy",0,0,1,0,1,0,0,0,0,0,0,0,0,0,0,0,0
"217","H84","hy",0,0,1,0,0,0,0,0,0,1,0,0,0,0,0,0,0
"218","H93","hy",0,0,1,0,0,0,0,0,0,1,0,0,0,0,0,0,0
"219","H97","hy",0,0,1,0,0,1,0,0,0,0,0,0,0,0,0,0,0
"220","K10","hy",0,0,0,0,0,0,0,1,0,0,0,0,0,1,1,0,0
"221","K11","hy",0,0,0,0,0,0,0,1,0,1,0,1,0,1,0,0,0
"222","K12","hy",0,0,0,0,0,0,0,1,1,0,0,0,0,0,0,0,0
"223","K13","hy",0,0,0,0,0,0,0,1,0,0,0,0,0,1,0,0,0
"224","K19","hy",0,0,0,0,0,0,0,1,0,0,0,1,1,0,1,0,0
"225","K2","hy",0,0,0,0,0,0,0,1,1,1,0,0,0,0,0,0,0
"226","K24","hy",0,0,0,0,0,0,0,1,0,0,0,1,0,0,0,0,0
"227","K28","hy",0,0,0,0,0,0,0,1,1,0,0,0,0,0,0,0,0
"228","K3","hy",0,0,0,0,0,0,0,1,0,0,0,1,0,0,0,0,0
"229","K30","hy",0,0,0,0,0,0,0,1,1,1,0,0,0,0,0,0,0
"230","K31","hy",0,0,0,0,0,0,0,1,0,0,0,0,0,0,1,0,0
"231","K36","hy",0,0,0,0,0,0,0,1,0,1,0,0,0,0,0,0,0
"232","K41","hy",0,0,0,0,0,0,0,1,0,0,1,0,0,0,0,0,0
"233","K42","hy",0,0,0,0,0,0,0,1,0,0,0,0,0,1,0,0,0
"234","K44","hy",0,0,0,0,0,0,0,1,0,1,1,0,0,0,0,0,0
"235","K45","hy",0,0,0,0,0,0,0,1,1,0,0,0,0,0,0,0,0
"236","K5","hy",0,0,0,0,0,0,0,1,0,1,0,1,0,0,0,0,0
"237","K50","hy",0,0,0,0,0,0,0,1,1,0,0,0,0,0,0,0,0
"238","K54","hy",0,0,0,0,0,0,0,1,0,0,0,1,0,0,0,0,0
"239","K59","hy",0,0,0,0,0,0,0,1,0,0,0,0,1,1,0,0,0
"240","K62","hy",0,0,0,0,0,0,0,1,1,0,0,0,0,0,0,0,0
"241","K63","hy",0,0,0,0,0,0,0,1,0,0,1,0,0,0,0,0,0
"242","K66","hy",0,0,0,0,0,0,0,1,0,0,0,1,0,0,0,0,0
"243","K67","hy",0,0,0,0,0,0,0,1,0,0,1,0,0,0,0,0,0
"244","K68","hy",0,0,0,0,0,0,0,1,0,1,0,0,0,1,0,0,0
"245","K7","hy",0,0,0,0,0,0,0,1,0,0,0,0,0,1,0,0,0
"246","K70","hy",0,0,0,0,0,0,0,0,1,0,0,0,1,0,0,0,0
"247","K77","hy",0,0,0,0,0,0,0,0,1,0,0,0,0,1,1,0,0
"248","K8","hy",0,0,0,0,0,0,0,1,0,0,0,1,1,0,0,0,0
"249","K82","hy",0,0,0,0,0,0,0,0,1,0,0,0,0,0,1,0,0
"250","K91","hy",0,0,0,0,0,0,0,0,1,0,0,0,0,0,1,0,0
"251","K98","hy",0,0,0,0,0,0,0,0,1,0,0,0,1,0,0,0,0
"252","R13","hy",0,0,0,0,0,0,0,0,0,0,1,0,0,1,0,0,0
"253","R2","hy",0,0,0,0,0,0,0,0,0,0,1,0,1,0,0,0,0
"254","R25","hy",0,0,0,0,0,0,0,0,0,0,1,0,0,0,0,1,0
"255","R28","hy",0,0,0,0,0,0,0,0,0,0,1,1,0,0,0,0,0
"256","R32","hy",0,0,0,0,0,0,0,0,0,0,1,1,0,0,0,0,0
"257","R34","hy",0,0,0,0,0,0,0,0,0,0,1,0,1,0,0,0,0
"258","R4","hy",0,0,0,0,0,0,0,0,0,0,1,0,1,0,0,0,0
"259","R44","hy",0,0,0,0,0,0,0,0,0,0,0,1,0,1,0,1,0
"260","R47","hy",0,0,0,0,0,0,0,0,0,0,0,1,0,1,0,0,0
"261","R52","hy",0,0,0,0,0,0,0,0,0,0,0,1,0,0,1,1,0
"262","R62","hy",0,0,0,0,0,0,0,0,0,0,0,1,1,0,1,0,0
"263","R68","hy",0,0,0,0,0,0,0,0,0,0,0,1,0,0,0,0,1
"264","R71","hy",0,0,0,0,0,0,0,0,0,0,0,1,0,0,0,0,0
"265","R8","hy",0,0,0,0,0,0,0,0,0,0,1,0,0,1,0,0,0
"266","R80","hy",0,0,0,0,0,0,0,0,0,0,0,1,0,1,1,0,0
"267","R84","hy",0,0,0,0,0,0,0,0,0,0,0,1,0,1,0,0,0
"268","R89","hy",0,0,0,0,0,0,0,0,0,0,0,1,0,1,0,0,0
"269","R90","hy",0,0,0,0,0,0,0,0,0,0,0,1,0,1,0,0,0
"270","R92","hy",0,0,0,0,0,0,0,0,0,0,0,1,1,0,1,0,0
"271","R95","hy",0,0,0,0,0,0,0,0,0,0,0,1,0,1,0,0,0
"272","R97","hy",0,0,0,0,0,0,0,0,0,0,0,1,0,0,0,0,0
"273","S11","hy",0,0,0,0,0,0,1,0,1,1,1,1,1,1,0,0,0
"274","S12","hy",0,0,0,0,0,0,1,0,0,0,0,0,0,0,0,0,0
"275","S13","hy",0,0,0,0,0,0,1,0,1,0,0,0,0,0,0,0,0
"276","S17","hy",0,0,0,0,0,0,1,0,0,0,0,0,1,0,0,0,0
"277","S18","hy",0,0,0,0,0,0,1,0,1,0,0,0,0,0,0,0,0
"278","S21","hy",0,0,0,0,0,0,1,0,0,1,1,0,0,0,0,1,1
"279","S23","hy",0,0,0,0,0,0,1,0,1,0,0,0,0,0,0,0,0
"280","S24","hy",0,0,0,0,0,0,1,0,1,0,0,0,0,0,0,0,0
"281","S35","hy",0,0,0,0,0,0,1,0,0,0,1,0,0,0,0,0,0
"282","S36","hy",0,0,0,0,0,0,1,0,0,0,0,0,1,0,0,0,0
"283","S38","hy",0,0,0,0,0,0,1,0,0,1,0,0,0,1,0,0,0
"284","S39","hy",0,0,0,0,0,0,1,0,0,0,1,0,0,0,0,0,0
"285","S61","hy",0,0,0,0,0,0,1,0,1,0,0,0,0,0,0,0,0
"286","S69","hy",0,0,0,0,0,0,1,0,0,0,0,0,0,1,0,0,0
"287","S71","hy",0,0,0,0,0,0,1,0,0,0,0,0,1,1,0,0,0
"288","S73","hy",0,0,0,0,0,0,1,0,0,0,0,1,1,1,1,0,1
"289","S77","hy",0,0,0,0,0,0,1,1,0,0,0,0,0,0,0,0,0
"290","S78","hy",0,0,0,0,0,0,1,0,1,0,0,0,0,0,0,0,0
"291","S8","hy",0,0,0,0,0,0,1,0,0,0,0,1,0,0,0,0,0
"292","S80","hy",0,0,0,0,0,0,1,0,0,0,1,0,0,0,0,0,0
"293","S90","hy",0,0,0,0,0,0,1,0,0,0,1,1,0,0,0,0,0
"294","S92","hy",0,0,0,0,0,0,1,0,0,0,1,0,0,0,0,0,0
"295","S93","hy",0,0,0,0,0,0,1,0,0,0,1,0,0,0,0,0,0
"296","T10","hy",0,0,0,1,0,0,0,0,0,1,0,0,0,0,0,0,0
"297","T11","ahy",0,0,0,1,0,0,0,0,0,1,0,0,0,0,0,0,0
"298","T13","ahy",0,0,0,1,0,1,0,0,0,0,0,0,0,0,0,0,0
"299","T14","ahy",0,0,0,1,1,0,0,0,0,0,0,0,0,0,0,0,0
"300","T2","ahy",0,0,0,0,1,0,0,0,1,0,0,0,0,0,0,0,0
"301","T23","ahy",0,0,0,1,0,0,1,0,0,0,0,1,1,0,0,0,0
"302","T28","ahy",0,0,0,1,1,0,0,0,1,0,0,0,0,0,0,0,0
"303","T29","ahy",0,0,0,1,0,0,0,1,0,1,0,0,0,0,0,0,0
"304","T34","ahy",0,0,0,1,0,0,0,0,0,0,1,0,0,0,0,0,0
"305","T35","ahy",0,0,0,1,0,0,0,0,0,0,0,1,0,1,0,0,0
"306","T37","ahy",0,0,0,1,0,0,1,1,1,0,0,0,0,0,0,0,0
"307","T4/Z3","ahy",0,0,0,0,0,0,1,0,0,0,0,0,0,0,0,1,0
"308","T40","ahy",0,0,0,1,0,0,0,1,0,0,0,0,0,0,0,0,0
"309","T41","ahy",0,0,0,1,0,1,0,0,0,0,0,0,0,0,0,0,0
"310","T54","hy",0,0,0,1,0,0,0,0,0,0,0,0,0,0,0,0,0
"311","T58","hy",0,0,0,1,0,0,1,0,0,0,0,0,0,0,0,0,0
"312","T64","hy",0,0,0,1,0,0,0,1,1,1,0,0,0,0,0,0,0
"313","T67","hy",0,0,0,1,0,0,1,0,0,0,0,0,0,0,0,0,0
"314","T78","hy",0,0,0,1,0,0,0,0,1,0,0,0,0,0,0,0,0
"315","T82","hy",0,0,0,1,0,0,1,0,0,0,0,0,0,0,0,0,0
"316","T83","hy",0,0,0,1,0,0,0,0,1,0,0,0,0,0,0,0,0
"317","T88","hy",0,0,0,1,1,0,0,0,0,0,0,0,0,0,0,0,0
"318","T93","hy",0,0,0,1,1,0,0,0,0,0,0,0,0,0,0,0,0
"319","V11","hy",0,0,0,0,0,0,0,0,1,0,1,0,0,0,0,0,0
"320","V12","hy",0,0,0,0,0,0,0,0,1,0,0,0,1,0,0,0,0
"321","V19","hy",0,0,0,0,0,0,0,0,1,0,0,0,0,0,1,0,0
"322","V20","hy",0,0,0,0,0,0,0,0,1,0,0,0,0,0,0,1,0
"323","V37","hy",0,0,0,0,0,0,0,0,0,1,0,0,0,0,0,1,0
"324","V45","hy",0,0,0,0,0,0,0,0,0,0,0,0,1,0,1,0,0
"325","V48","hy",0,0,0,0,0,0,0,0,0,0,0,0,1,0,0,1,0
"326","V5","hy",0,0,0,0,0,0,0,0,1,1,0,0,0,0,0,0,0
"327","V57","hy",0,0,0,0,0,0,0,0,0,1,1,0,0,0,0,0,0
"328","V58","hy",0,0,0,0,0,0,0,0,0,1,1,0,0,0,0,0,0
"329","V6","hy",0,0,0,0,0,0,0,0,1,0,1,0,0,0,0,0,0
"330","V60","hy",0,0,0,0,0,0,0,0,0,1,1,0,0,0,0,0,0
"331","V69","hy",0,0,0,0,0,0,0,0,0,1,0,0,0,0,1,0,0
"332","V77","hy",0,0,0,0,0,0,0,0,0,1,1,1,0,0,0,0,0
"333","V8","hy",0,0,0,0,0,0,0,0,1,1,0,0,0,0,0,0,0
"334","V80","hy",0,0,0,0,0,0,0,0,0,1,0,1,0,0,0,0,0
"335","V82","hy",0,0,0,0,0,0,0,0,0,1,0,1,0,0,0,0,0
"336","V83","hy",0,0,0,0,0,0,0,0,0,1,1,0,0,0,0,0,0
"337","V85","hy",0,0,0,0,0,0,0,0,0,1,0,1,0,0,0,0,0
"338","V88","hy",0,0,0,0,0,0,0,0,0,1,1,1,1,1,0,1,0
"339","V89","hy",0,0,0,0,0,0,0,0,0,1,0,1,0,0,0,0,0
"340","V9","hy",0,0,0,0,0,0,0,0,1,1,0,0,0,0,0,0,0
"341","V91","hy",0,0,0,0,0,0,0,0,0,1,0,1,0,1,0,0,0
"342","V93","hy",0,0,0,0,0,0,0,0,0,1,1,0,0,0,0,0,0
"343","V96","hy",0,0,0,0,0,0,0,0,0,1,0,0,0,0,1,0,0
"344","X12","hy",0,0,0,0,0,0,0,0,0,1,0,0,1,1,1,1,1
"345","X13","hy",0,0,0,0,0,0,0,0,0,1,0,0,1,1,1,1,0
"346","X14","hy",0,0,0,0,0,0,0,0,0,1,0,0,1,0,0,0,0
"347","X19","hy",0,0,0,0,0,0,0,0,0,1,0,0,1,0,0,0,0
"348","X23","hy",0,0,0,0,0,0,0,0,0,1,1,0,0,0,0,0,0
"349","X25","hy",0,0,0,0,0,0,0,0,0,1,0,0,0,1,0,0,0
"350","X28","hy",0,0,0,0,0,0,0,0,0,1,0,1,1,0,0,0,0
"351","X31","hy",0,0,0,0,0,0,0,0,0,1,1,0,0,0,0,0,0
"352","X33","hy",0,0,0,0,0,0,0,0,0,1,0,0,1,0,0,0,0
"353","X35","hy",0,0,0,0,0,0,0,0,0,1,0,1,0,0,0,0,0
"354","X42","hy",0,0,0,0,0,0,0,0,0,1,0,1,0,0,0,0,0
"355","X45","hy",0,0,0,0,0,0,0,0,0,1,0,0,0,0,1,0,0
"356","X47","hy",0,0,0,0,0,0,0,0,0,1,1,0,0,0,0,0,0
"357","X54","hy",0,0,0,0,0,0,0,0,0,0,1,0,0,1,1,0,0
"358","X56","hy",0,0,0,0,0,0,0,0,0,0,1,1,0,0,0,0,0
"359","X57","hy",0,0,0,0,0,0,0,0,0,0,1,0,0,0,0,0,1
"360","X59","hy",0,0,0,0,0,0,0,0,0,0,1,1,0,1,0,0,0
"361","X64","hy",0,0,0,0,0,0,0,0,0,0,1,1,1,0,0,0,0
"362","X83","hy",0,0,0,0,0,0,0,0,0,0,1,1,0,0,0,0,0
"363","X98","hy",0,0,0,0,0,0,0,0,0,0,1,0,1,0,0,0,0
"364","Z10","ahy",0,0,0,0,0,0,0,0,0,0,1,0,1,0,0,0,0
"365","Z18","hy",0,0,0,0,0,0,0,0,0,0,0,0,1,0,0,1,0
"366","Z28","hy",0,0,0,0,0,0,0,0,0,0,1,1,0,0,0,0,0
"367","Z31","hy",0,0,0,0,0,0,0,0,0,0,1,0,0,0,0,1,0
"368","Z46","hy",0,0,0,0,0,0,0,0,0,0,1,0,1,1,0,0,0
"369","Z47","hy",0,0,0,0,0,0,0,0,0,0,1,1,0,0,0,0,0
"370","Z51","hy",0,0,0,0,0,0,0,0,0,0,1,0,1,1,1,1,0
"371","Z53","hy",0,0,0,0,0,0,0,0,0,0,1,0,1,0,0,1,0
"372","Z57","hy",0,0,0,0,0,0,0,0,0,0,1,0,0,0,1,0,0
"373","Z58","hy",0,0,0,0,0,0,0,0,0,0,1,1,0,0,0,0,0
"374","Z59","hy",0,0,0,0,0,0,0,0,0,0,1,1,0,0,0,0,0
"375","Z65","hy",0,0,0,0,0,0,0,0,0,0,1,0,1,1,0,0,0
"376","Z7","ahy",0,0,0,0,0,0,0,0,0,0,1,1,0,0,0,0,0
"377","Z70","hy",0,0,0,0,0,0,0,0,0,0,1,0,0,1,1,0,0
"378","Z76","hy",0,0,0,0,0,0,0,0,0,0,1,0,1,0,0,0,0
"379","Z78","hy",0,0,0,0,0,0,0,0,0,0,1,0,1,0,0,0,0
"380","Z8","ahy",0,0,0,0,0,0,0,0,0,0,1,1,0,0,0,0,0
"381","Z82","hy",0,0,0,0,0,0,0,0,0,0,1,0,0,1,0,0,0
"382","Z85","hy",0,0,0,0,0,0,0,0,0,0,1,1,0,0,0,0,0
"383","Z86","hy",0,0,0,0,0,0,0,0,0,0,1,0,0,0,1,0,1
"384","Z90","hy",0,0,0,0,0,0,0,0,0,0,1,1,0,0,0,0,0
"385","Z97","hy",0,0,0,0,0,0,0,0,0,0,1,0,1,0,0,0,0
